"GENERA","N_NT_MISMATCH_SPACER","COUNT","TOTAL","PROP","COUNT_PHAST","COUNT_SPACER","COUNT_HIT","N_MM0","N_MM7","N_PHAST","N_SPACER","N_HIT","N_PROPHAGE_MISMATCH","ANY_MATCH","TOTAL_SHUFFLED","N_GENOME","N_GENOME_PHAST","PROP_GENOME_PHAST","SD_GENOME_PHAST"
"Acetobacter",3,2,7,0.285714285714286,19,524,23,1,6,19,524,23,5,5,0,111,34,0.306306306306306,0.0437522460708692
"Acetobacter",0,1,7,0.142857142857143,19,524,23,1,6,19,524,23,5,5,12,111,34,0.306306306306306,0.0437522460708692
"Acetobacter",4,0,7,0,19,524,23,1,6,19,524,23,5,5,0,111,34,0.306306306306306,0.0437522460708692
"Acetobacter",5,0,7,0,19,524,23,1,6,19,524,23,5,5,0,111,34,0.306306306306306,0.0437522460708692
"Acetobacter",2,4,7,0.571428571428571,19,524,23,1,6,19,524,23,5,5,1,111,34,0.306306306306306,0.0437522460708692
"Acetobacter",1,0,7,0,19,524,23,1,6,19,524,23,5,5,0,111,34,0.306306306306306,0.0437522460708692
"Achromobacter",3,9,28,0.321428571428571,43,211,35,5,23,43,211,35,10,10,0,150,16,0.106666666666667,0.0252043500066806
"Achromobacter",5,2,28,0.0714285714285714,43,211,35,5,23,43,211,35,10,10,0,150,16,0.106666666666667,0.0252043500066806
"Achromobacter",2,2,28,0.0714285714285714,43,211,35,5,23,43,211,35,10,10,8,150,16,0.106666666666667,0.0252043500066806
"Achromobacter",0,5,28,0.178571428571429,43,211,35,5,23,43,211,35,10,10,0,150,16,0.106666666666667,0.0252043500066806
"Achromobacter",1,5,28,0.178571428571429,43,211,35,5,23,43,211,35,10,10,0,150,16,0.106666666666667,0.0252043500066806
"Achromobacter",4,5,28,0.178571428571429,43,211,35,5,23,43,211,35,10,10,0,150,16,0.106666666666667,0.0252043500066806
"Acidovorax",2,5,23,0.217391304347826,33,798,49,0,23,33,798,49,13,13,3,111,18,0.162162162162162,0.0349859167708635
"Acidovorax",3,4,23,0.173913043478261,33,798,49,0,23,33,798,49,13,13,0,111,18,0.162162162162162,0.0349859167708635
"Acidovorax",0,0,23,0,33,798,49,0,23,33,798,49,13,13,0,111,18,0.162162162162162,0.0349859167708635
"Acidovorax",1,1,23,0.0434782608695652,33,798,49,0,23,33,798,49,13,13,0,111,18,0.162162162162162,0.0349859167708635
"Acidovorax",4,6,23,0.260869565217391,33,798,49,0,23,33,798,49,13,13,0,111,18,0.162162162162162,0.0349859167708635
"Acidovorax",5,7,23,0.304347826086957,33,798,49,0,23,33,798,49,13,13,1,111,18,0.162162162162162,0.0349859167708635
"Acinetobacter",1,797,5746,0.138705186216498,409,8294,7125,1328,4418,409,8294,7125,264,266,0,4775,102,0.0213612565445026,0.00209236724391836
"Acinetobacter",5,906,5746,0.157674904281239,409,8294,7125,1328,4418,409,8294,7125,264,266,0,4775,102,0.0213612565445026,0.00209236724391836
"Acinetobacter",4,992,5746,0.172641837800209,409,8294,7125,1328,4418,409,8294,7125,264,266,0,4775,102,0.0213612565445026,0.00209236724391836
"Acinetobacter",3,815,5746,0.141837800208841,409,8294,7125,1328,4418,409,8294,7125,264,266,1,4775,102,0.0213612565445026,0.00209236724391836
"Acinetobacter",2,908,5746,0.158022972502611,409,8294,7125,1328,4418,409,8294,7125,264,266,7,4775,102,0.0213612565445026,0.00209236724391836
"Acinetobacter",0,1328,5746,0.231117298990602,409,8294,7125,1328,4418,409,8294,7125,264,266,0,4775,102,0.0213612565445026,0.00209236724391836
"Actinobacillus",3,15,131,0.114503816793893,60,227,137,74,57,60,227,137,25,25,0,55,21,0.381818181818182,0.0655096187040484
"Actinobacillus",5,5,131,0.0381679389312977,60,227,137,74,57,60,227,137,25,25,0,55,21,0.381818181818182,0.0655096187040484
"Actinobacillus",0,74,131,0.564885496183206,60,227,137,74,57,60,227,137,25,25,0,55,21,0.381818181818182,0.0655096187040484
"Actinobacillus",2,20,131,0.152671755725191,60,227,137,74,57,60,227,137,25,25,0,55,21,0.381818181818182,0.0655096187040484
"Actinobacillus",4,2,131,0.0152671755725191,60,227,137,74,57,60,227,137,25,25,0,55,21,0.381818181818182,0.0655096187040484
"Actinobacillus",1,15,131,0.114503816793893,60,227,137,74,57,60,227,137,25,25,0,55,21,0.381818181818182,0.0655096187040484
"Aeromonas",3,6,26,0.230769230769231,44,378,34,4,22,44,378,34,12,13,0,380,18,0.0473684210526316,0.0108972055495183
"Aeromonas",0,4,26,0.153846153846154,44,378,34,4,22,44,378,34,12,13,1,380,18,0.0473684210526316,0.0108972055495183
"Aeromonas",4,4,26,0.153846153846154,44,378,34,4,22,44,378,34,12,13,0,380,18,0.0473684210526316,0.0108972055495183
"Aeromonas",5,7,26,0.269230769230769,44,378,34,4,22,44,378,34,12,13,0,380,18,0.0473684210526316,0.0108972055495183
"Aeromonas",1,2,26,0.0769230769230769,44,378,34,4,22,44,378,34,12,13,1,380,18,0.0473684210526316,0.0108972055495183
"Aeromonas",2,3,26,0.115384615384615,44,378,34,4,22,44,378,34,12,13,21,380,18,0.0473684210526316,0.0108972055495183
"Aggregatibacter",5,0,61,0,16,778,68,44,17,16,778,68,8,8,55,90,6,0.0666666666666667,0.0262936879248872
"Aggregatibacter",1,5,61,0.0819672131147541,16,778,68,44,17,16,778,68,8,8,0,90,6,0.0666666666666667,0.0262936879248872
"Aggregatibacter",3,3,61,0.0491803278688525,16,778,68,44,17,16,778,68,8,8,0,90,6,0.0666666666666667,0.0262936879248872
"Aggregatibacter",0,44,61,0.721311475409836,16,778,68,44,17,16,778,68,8,8,0,90,6,0.0666666666666667,0.0262936879248872
"Aggregatibacter",2,5,61,0.0819672131147541,16,778,68,44,17,16,778,68,8,8,1,90,6,0.0666666666666667,0.0262936879248872
"Aggregatibacter",4,4,61,0.0655737704918033,16,778,68,44,17,16,778,68,8,8,10,90,6,0.0666666666666667,0.0262936879248872
"Alicycliphilus",0,1,2,0.5,21,174,2,1,1,21,174,2,1,1,0,13,7,0.538461538461538,0.13826415911891
"Alicycliphilus",5,0,2,0,21,174,2,1,1,21,174,2,1,1,1,13,7,0.538461538461538,0.13826415911891
"Alicycliphilus",2,1,2,0.5,21,174,2,1,1,21,174,2,1,1,1,13,7,0.538461538461538,0.13826415911891
"Alicycliphilus",1,0,2,0,21,174,2,1,1,21,174,2,1,1,0,13,7,0.538461538461538,0.13826415911891
"Alicycliphilus",4,0,2,0,21,174,2,1,1,21,174,2,1,1,0,13,7,0.538461538461538,0.13826415911891
"Alicycliphilus",3,0,2,0,21,174,2,1,1,21,174,2,1,1,2,13,7,0.538461538461538,0.13826415911891
"Anaerococcus",1,6,27,0.222222222222222,29,274,45,2,25,29,274,45,12,12,71,33,8,0.242424242424242,0.074600903623838
"Anaerococcus",0,2,27,0.0740740740740741,29,274,45,2,25,29,274,45,12,12,0,33,8,0.242424242424242,0.074600903623838
"Anaerococcus",3,2,27,0.0740740740740741,29,274,45,2,25,29,274,45,12,12,0,33,8,0.242424242424242,0.074600903623838
"Anaerococcus",4,4,27,0.148148148148148,29,274,45,2,25,29,274,45,12,12,8,33,8,0.242424242424242,0.074600903623838
"Anaerococcus",5,5,27,0.185185185185185,29,274,45,2,25,29,274,45,12,12,0,33,8,0.242424242424242,0.074600903623838
"Anaerococcus",2,8,27,0.296296296296296,29,274,45,2,25,29,274,45,12,12,0,33,8,0.242424242424242,0.074600903623838
"Azospirillum",4,1,3,0.333333333333333,33,465,29,0,3,33,465,29,16,16,5,48,21,0.4375,0.071602745233685
"Azospirillum",0,0,3,0,33,465,29,0,3,33,465,29,16,16,0,48,21,0.4375,0.071602745233685
"Azospirillum",2,0,3,0,33,465,29,0,3,33,465,29,16,16,82,48,21,0.4375,0.071602745233685
"Azospirillum",1,0,3,0,33,465,29,0,3,33,465,29,16,16,0,48,21,0.4375,0.071602745233685
"Azospirillum",5,1,3,0.333333333333333,33,465,29,0,3,33,465,29,16,16,0,48,21,0.4375,0.071602745233685
"Azospirillum",3,1,3,0.333333333333333,33,465,29,0,3,33,465,29,16,16,0,48,21,0.4375,0.071602745233685
"Bacillus",3,262,1515,0.172937293729373,1302,6168,2583,110,1405,1302,6168,2583,571,574,0,4087,308,0.075360900415953,0.0041291137550764
"Bacillus",4,293,1515,0.193399339933993,1302,6168,2583,110,1405,1302,6168,2583,571,574,0,4087,308,0.075360900415953,0.0041291137550764
"Bacillus",0,110,1515,0.0726072607260726,1302,6168,2583,110,1405,1302,6168,2583,571,574,0,4087,308,0.075360900415953,0.0041291137550764
"Bacillus",1,176,1515,0.116171617161716,1302,6168,2583,110,1405,1302,6168,2583,571,574,0,4087,308,0.075360900415953,0.0041291137550764
"Bacillus",2,221,1515,0.145874587458746,1302,6168,2583,110,1405,1302,6168,2583,571,574,0,4087,308,0.075360900415953,0.0041291137550764
"Bacillus",5,453,1515,0.299009900990099,1302,6168,2583,110,1405,1302,6168,2583,571,574,0,4087,308,0.075360900415953,0.0041291137550764
"Bacteroides",5,5,54,0.0925925925925926,81,2171,77,15,39,81,2171,77,17,17,0,793,37,0.0466582597730139,0.00748948540533872
"Bacteroides",1,12,54,0.222222222222222,81,2171,77,15,39,81,2171,77,17,17,0,793,37,0.0466582597730139,0.00748948540533872
"Bacteroides",4,8,54,0.148148148148148,81,2171,77,15,39,81,2171,77,17,17,0,793,37,0.0466582597730139,0.00748948540533872
"Bacteroides",3,9,54,0.166666666666667,81,2171,77,15,39,81,2171,77,17,17,0,793,37,0.0466582597730139,0.00748948540533872
"Bacteroides",0,15,54,0.277777777777778,81,2171,77,15,39,81,2171,77,17,17,2,793,37,0.0466582597730139,0.00748948540533872
"Bacteroides",2,5,54,0.0925925925925926,81,2171,77,15,39,81,2171,77,17,17,1,793,37,0.0466582597730139,0.00748948540533872
"Bifidobacterium",2,65,451,0.144124168514412,59,4722,672,151,300,59,4722,672,35,35,0,914,30,0.0328227571115974,0.00589342099973157
"Bifidobacterium",4,49,451,0.108647450110865,59,4722,672,151,300,59,4722,672,35,35,0,914,30,0.0328227571115974,0.00589342099973157
"Bifidobacterium",5,66,451,0.146341463414634,59,4722,672,151,300,59,4722,672,35,35,0,914,30,0.0328227571115974,0.00589342099973157
"Bifidobacterium",1,63,451,0.139689578713969,59,4722,672,151,300,59,4722,672,35,35,1,914,30,0.0328227571115974,0.00589342099973157
"Bifidobacterium",0,151,451,0.334811529933481,59,4722,672,151,300,59,4722,672,35,35,0,914,30,0.0328227571115974,0.00589342099973157
"Bifidobacterium",3,57,451,0.126385809312639,59,4722,672,151,300,59,4722,672,35,35,0,914,30,0.0328227571115974,0.00589342099973157
"Bilophila",5,0,2,0,21,45,2,2,0,21,45,2,0,2,0,3,2,0.666666666666667,0.272165526975909
"Bilophila",1,0,2,0,21,45,2,2,0,21,45,2,0,2,26,3,2,0.666666666666667,0.272165526975909
"Bilophila",4,0,2,0,21,45,2,2,0,21,45,2,0,2,0,3,2,0.666666666666667,0.272165526975909
"Bilophila",3,0,2,0,21,45,2,2,0,21,45,2,0,2,0,3,2,0.666666666666667,0.272165526975909
"Bilophila",2,0,2,0,21,45,2,2,0,21,45,2,0,2,0,3,2,0.666666666666667,0.272165526975909
"Bilophila",0,2,2,1,21,45,2,2,0,21,45,2,0,2,0,3,2,0.666666666666667,0.272165526975909
"Blautia",1,0,2,0,17,598,4,0,2,17,598,4,2,2,34,155,2,0.0129032258064516,0.00906490309904593
"Blautia",2,0,2,0,17,598,4,0,2,17,598,4,2,2,0,155,2,0.0129032258064516,0.00906490309904593
"Blautia",0,0,2,0,17,598,4,0,2,17,598,4,2,2,0,155,2,0.0129032258064516,0.00906490309904593
"Blautia",4,1,2,0.5,17,598,4,0,2,17,598,4,2,2,0,155,2,0.0129032258064516,0.00906490309904593
"Blautia",3,0,2,0,17,598,4,0,2,17,598,4,2,2,0,155,2,0.0129032258064516,0.00906490309904593
"Blautia",5,1,2,0.5,17,598,4,0,2,17,598,4,2,2,0,155,2,0.0129032258064516,0.00906490309904593
"Bordetella",4,2,3,0.666666666666667,69,162,4,0,3,69,162,4,2,2,0,1115,24,0.02152466367713,0.00434615984619921
"Bordetella",1,0,3,0,69,162,4,0,3,69,162,4,2,2,48,1115,24,0.02152466367713,0.00434615984619921
"Bordetella",0,0,3,0,69,162,4,0,3,69,162,4,2,2,21,1115,24,0.02152466367713,0.00434615984619921
"Bordetella",2,0,3,0,69,162,4,0,3,69,162,4,2,2,33,1115,24,0.02152466367713,0.00434615984619921
"Bordetella",3,1,3,0.333333333333333,69,162,4,0,3,69,162,4,2,2,0,1115,24,0.02152466367713,0.00434615984619921
"Bordetella",5,0,3,0,69,162,4,0,3,69,162,4,2,2,0,1115,24,0.02152466367713,0.00434615984619921
"Burkholderia",2,12,224,0.0535714285714286,492,702,516,5,219,492,702,516,170,170,0,1425,167,0.11719298245614,0.00852071932220761
"Burkholderia",3,47,224,0.209821428571429,492,702,516,5,219,492,702,516,170,170,0,1425,167,0.11719298245614,0.00852071932220761
"Burkholderia",5,61,224,0.272321428571429,492,702,516,5,219,492,702,516,170,170,1,1425,167,0.11719298245614,0.00852071932220761
"Burkholderia",1,18,224,0.0803571428571429,492,702,516,5,219,492,702,516,170,170,0,1425,167,0.11719298245614,0.00852071932220761
"Burkholderia",4,81,224,0.361607142857143,492,702,516,5,219,492,702,516,170,170,1,1425,167,0.11719298245614,0.00852071932220761
"Burkholderia",0,5,224,0.0223214285714286,492,702,516,5,219,492,702,516,170,170,0,1425,167,0.11719298245614,0.00852071932220761
"Campylobacter",2,88,346,0.254335260115607,53,3607,466,78,268,53,3607,466,32,32,0,30888,32,0.00103600103600104,0.000183045947835117
"Campylobacter",5,26,346,0.0751445086705202,53,3607,466,78,268,53,3607,466,32,32,12,30888,32,0.00103600103600104,0.000183045947835117
"Campylobacter",1,62,346,0.179190751445087,53,3607,466,78,268,53,3607,466,32,32,1,30888,32,0.00103600103600104,0.000183045947835117
"Campylobacter",0,78,346,0.225433526011561,53,3607,466,78,268,53,3607,466,32,32,0,30888,32,0.00103600103600104,0.000183045947835117
"Campylobacter",3,40,346,0.115606936416185,53,3607,466,78,268,53,3607,466,32,32,0,30888,32,0.00103600103600104,0.000183045947835117
"Campylobacter",4,52,346,0.15028901734104,53,3607,466,78,268,53,3607,466,32,32,0,30888,32,0.00103600103600104,0.000183045947835117
"Carnobacterium",4,2,11,0.181818181818182,17,284,11,0,11,17,284,11,10,10,0,92,3,0.0326086956521739,0.018517139128984
"Carnobacterium",5,2,11,0.181818181818182,17,284,11,0,11,17,284,11,10,10,8,92,3,0.0326086956521739,0.018517139128984
"Carnobacterium",3,1,11,0.0909090909090909,17,284,11,0,11,17,284,11,10,10,0,92,3,0.0326086956521739,0.018517139128984
"Carnobacterium",2,4,11,0.363636363636364,17,284,11,0,11,17,284,11,10,10,0,92,3,0.0326086956521739,0.018517139128984
"Carnobacterium",0,0,11,0,17,284,11,0,11,17,284,11,10,10,0,92,3,0.0326086956521739,0.018517139128984
"Carnobacterium",1,2,11,0.181818181818182,17,284,11,0,11,17,284,11,10,10,0,92,3,0.0326086956521739,0.018517139128984
"Citrobacter",1,5,14,0.357142857142857,58,460,25,3,11,58,460,25,14,14,0,374,15,0.0401069518716578,0.0101457802249138
"Citrobacter",5,0,14,0,58,460,25,3,11,58,460,25,14,14,1,374,15,0.0401069518716578,0.0101457802249138
"Citrobacter",0,3,14,0.214285714285714,58,460,25,3,11,58,460,25,14,14,0,374,15,0.0401069518716578,0.0101457802249138
"Citrobacter",2,0,14,0,58,460,25,3,11,58,460,25,14,14,0,374,15,0.0401069518716578,0.0101457802249138
"Citrobacter",3,3,14,0.214285714285714,58,460,25,3,11,58,460,25,14,14,3,374,15,0.0401069518716578,0.0101457802249138
"Citrobacter",4,3,14,0.214285714285714,58,460,25,3,11,58,460,25,14,14,0,374,15,0.0401069518716578,0.0101457802249138
"Clostridium",2,301,2223,0.13540260908682,710,12819,3713,447,1776,710,12819,3713,385,387,0,947,214,0.2259767687434,0.0135904521399476
"Clostridium",4,382,2223,0.171839856050382,710,12819,3713,447,1776,710,12819,3713,385,387,7,947,214,0.2259767687434,0.0135904521399476
"Clostridium",1,279,2223,0.125506072874494,710,12819,3713,447,1776,710,12819,3713,385,387,1,947,214,0.2259767687434,0.0135904521399476
"Clostridium",5,489,2223,0.219973009446694,710,12819,3713,447,1776,710,12819,3713,385,387,0,947,214,0.2259767687434,0.0135904521399476
"Clostridium",3,325,2223,0.146198830409357,710,12819,3713,447,1776,710,12819,3713,385,387,0,947,214,0.2259767687434,0.0135904521399476
"Clostridium",0,447,2223,0.201079622132254,710,12819,3713,447,1776,710,12819,3713,385,387,0,947,214,0.2259767687434,0.0135904521399476
"Collinsella",4,0,2,0,13,215,3,0,2,13,215,3,2,2,0,117,3,0.0256410256410256,0.0146128275942754
"Collinsella",1,0,2,0,13,215,3,0,2,13,215,3,2,2,0,117,3,0.0256410256410256,0.0146128275942754
"Collinsella",3,1,2,0.5,13,215,3,0,2,13,215,3,2,2,0,117,3,0.0256410256410256,0.0146128275942754
"Collinsella",5,1,2,0.5,13,215,3,0,2,13,215,3,2,2,0,117,3,0.0256410256410256,0.0146128275942754
"Collinsella",2,0,2,0,13,215,3,0,2,13,215,3,2,2,0,117,3,0.0256410256410256,0.0146128275942754
"Collinsella",0,0,2,0,13,215,3,0,2,13,215,3,2,2,0,117,3,0.0256410256410256,0.0146128275942754
"Comamonas",2,0,3,0,25,250,3,0,3,25,250,3,2,2,1,63,4,0.0634920634920635,0.0307216952878331
"Comamonas",0,0,3,0,25,250,3,0,3,25,250,3,2,2,1,63,4,0.0634920634920635,0.0307216952878331
"Comamonas",1,0,3,0,25,250,3,0,3,25,250,3,2,2,21,63,4,0.0634920634920635,0.0307216952878331
"Comamonas",4,1,3,0.333333333333333,25,250,3,0,3,25,250,3,2,2,0,63,4,0.0634920634920635,0.0307216952878331
"Comamonas",3,1,3,0.333333333333333,25,250,3,0,3,25,250,3,2,2,55,63,4,0.0634920634920635,0.0307216952878331
"Comamonas",5,1,3,0.333333333333333,25,250,3,0,3,25,250,3,2,2,0,63,4,0.0634920634920635,0.0307216952878331
"Corynebacterium",2,139,900,0.154444444444444,82,7014,1021,247,653,82,7014,1021,40,41,0,847,51,0.0602125147579693,0.00817365883373005
"Corynebacterium",3,140,900,0.155555555555556,82,7014,1021,247,653,82,7014,1021,40,41,0,847,51,0.0602125147579693,0.00817365883373005
"Corynebacterium",0,247,900,0.274444444444444,82,7014,1021,247,653,82,7014,1021,40,41,0,847,51,0.0602125147579693,0.00817365883373005
"Corynebacterium",4,110,900,0.122222222222222,82,7014,1021,247,653,82,7014,1021,40,41,0,847,51,0.0602125147579693,0.00817365883373005
"Corynebacterium",1,142,900,0.157777777777778,82,7014,1021,247,653,82,7014,1021,40,41,1,847,51,0.0602125147579693,0.00817365883373005
"Corynebacterium",5,122,900,0.135555555555556,82,7014,1021,247,653,82,7014,1021,40,41,10,847,51,0.0602125147579693,0.00817365883373005
"Cronobacter",3,32,161,0.198757763975155,38,913,189,27,134,38,913,189,13,13,0,457,15,0.0328227571115974,0.00833455590659479
"Cronobacter",4,27,161,0.167701863354037,38,913,189,27,134,38,913,189,13,13,1,457,15,0.0328227571115974,0.00833455590659479
"Cronobacter",5,26,161,0.161490683229814,38,913,189,27,134,38,913,189,13,13,1,457,15,0.0328227571115974,0.00833455590659479
"Cronobacter",1,34,161,0.211180124223602,38,913,189,27,134,38,913,189,13,13,2,457,15,0.0328227571115974,0.00833455590659479
"Cronobacter",0,27,161,0.167701863354037,38,913,189,27,134,38,913,189,13,13,0,457,15,0.0328227571115974,0.00833455590659479
"Cronobacter",2,15,161,0.093167701863354,38,913,189,27,134,38,913,189,13,13,0,457,15,0.0328227571115974,0.00833455590659479
"Dehalococcoides",0,0,3,0,68,204,5,0,3,68,204,5,1,1,0,35,6,0.171428571428571,0.0637048588249034
"Dehalococcoides",4,0,3,0,68,204,5,0,3,68,204,5,1,1,0,35,6,0.171428571428571,0.0637048588249034
"Dehalococcoides",1,0,3,0,68,204,5,0,3,68,204,5,1,1,8,35,6,0.171428571428571,0.0637048588249034
"Dehalococcoides",3,1,3,0.333333333333333,68,204,5,0,3,68,204,5,1,1,0,35,6,0.171428571428571,0.0637048588249034
"Dehalococcoides",2,0,3,0,68,204,5,0,3,68,204,5,1,1,0,35,6,0.171428571428571,0.0637048588249034
"Dehalococcoides",5,2,3,0.666666666666667,68,204,5,0,3,68,204,5,1,1,71,35,6,0.171428571428571,0.0637048588249034
"Desulfitobacterium",1,1,13,0.0769230769230769,15,600,39,7,6,15,600,39,8,8,0,12,5,0.416666666666667,0.142318760638328
"Desulfitobacterium",2,0,13,0,15,600,39,7,6,15,600,39,8,8,0,12,5,0.416666666666667,0.142318760638328
"Desulfitobacterium",0,7,13,0.538461538461538,15,600,39,7,6,15,600,39,8,8,0,12,5,0.416666666666667,0.142318760638328
"Desulfitobacterium",4,0,13,0,15,600,39,7,6,15,600,39,8,8,82,12,5,0.416666666666667,0.142318760638328
"Desulfitobacterium",5,3,13,0.230769230769231,15,600,39,7,6,15,600,39,8,8,5,12,5,0.416666666666667,0.142318760638328
"Desulfitobacterium",3,2,13,0.153846153846154,15,600,39,7,6,15,600,39,8,8,0,12,5,0.416666666666667,0.142318760638328
"Desulfosporosinus",1,0,1,0,14,142,1,0,1,14,142,1,1,1,0,29,5,0.172413793103448,0.0701445003745666
"Desulfosporosinus",0,0,1,0,14,142,1,0,1,14,142,1,1,1,0,29,5,0.172413793103448,0.0701445003745666
"Desulfosporosinus",3,0,1,0,14,142,1,0,1,14,142,1,1,1,0,29,5,0.172413793103448,0.0701445003745666
"Desulfosporosinus",4,0,1,0,14,142,1,0,1,14,142,1,1,1,0,29,5,0.172413793103448,0.0701445003745666
"Desulfosporosinus",5,1,1,1,14,142,1,0,1,14,142,1,1,1,0,29,5,0.172413793103448,0.0701445003745666
"Desulfosporosinus",2,0,1,0,14,142,1,0,1,14,142,1,1,1,0,29,5,0.172413793103448,0.0701445003745666
"Desulfotomaculum",0,0,2,0,40,2333,14,0,2,40,2333,14,8,8,1,18,8,0.444444444444444,0.117121394821051
"Desulfotomaculum",1,1,2,0.5,40,2333,14,0,2,40,2333,14,8,8,0,18,8,0.444444444444444,0.117121394821051
"Desulfotomaculum",4,0,2,0,40,2333,14,0,2,40,2333,14,8,8,0,18,8,0.444444444444444,0.117121394821051
"Desulfotomaculum",2,0,2,0,40,2333,14,0,2,40,2333,14,8,8,2,18,8,0.444444444444444,0.117121394821051
"Desulfotomaculum",5,0,2,0,40,2333,14,0,2,40,2333,14,8,8,0,18,8,0.444444444444444,0.117121394821051
"Desulfotomaculum",3,1,2,0.5,40,2333,14,0,2,40,2333,14,8,8,0,18,8,0.444444444444444,0.117121394821051
"Desulfovibrio",3,3,32,0.09375,106,1365,86,2,30,106,1365,86,34,35,26,81,24,0.296296296296296,0.0507359177199093
"Desulfovibrio",1,5,32,0.15625,106,1365,86,2,30,106,1365,86,34,35,0,81,24,0.296296296296296,0.0507359177199093
"Desulfovibrio",5,10,32,0.3125,106,1365,86,2,30,106,1365,86,34,35,0,81,24,0.296296296296296,0.0507359177199093
"Desulfovibrio",2,5,32,0.15625,106,1365,86,2,30,106,1365,86,34,35,1,81,24,0.296296296296296,0.0507359177199093
"Desulfovibrio",0,2,32,0.0625,106,1365,86,2,30,106,1365,86,34,35,0,81,24,0.296296296296296,0.0507359177199093
"Desulfovibrio",4,7,32,0.21875,106,1365,86,2,30,106,1365,86,34,35,0,81,24,0.296296296296296,0.0507359177199093
"Dickeya",0,10,31,0.32258064516129,21,1931,41,10,21,21,1931,41,9,9,0,68,8,0.117647058823529,0.0390712449502983
"Dickeya",4,2,31,0.0645161290322581,21,1931,41,10,21,21,1931,41,9,9,0,68,8,0.117647058823529,0.0390712449502983
"Dickeya",5,9,31,0.290322580645161,21,1931,41,10,21,21,1931,41,9,9,0,68,8,0.117647058823529,0.0390712449502983
"Dickeya",2,3,31,0.0967741935483871,21,1931,41,10,21,21,1931,41,9,9,0,68,8,0.117647058823529,0.0390712449502983
"Dickeya",1,5,31,0.161290322580645,21,1931,41,10,21,21,1931,41,9,9,0,68,8,0.117647058823529,0.0390712449502983
"Dickeya",3,2,31,0.0645161290322581,21,1931,41,10,21,21,1931,41,9,9,0,68,8,0.117647058823529,0.0390712449502983
"Edwardsiella",5,2,54,0.037037037037037,34,101,60,13,41,34,101,60,13,14,0,58,14,0.241379310344828,0.0561886199795989
"Edwardsiella",4,13,54,0.240740740740741,34,101,60,13,41,34,101,60,13,14,0,58,14,0.241379310344828,0.0561886199795989
"Edwardsiella",0,13,54,0.240740740740741,34,101,60,13,41,34,101,60,13,14,0,58,14,0.241379310344828,0.0561886199795989
"Edwardsiella",2,8,54,0.148148148148148,34,101,60,13,41,34,101,60,13,14,34,58,14,0.241379310344828,0.0561886199795989
"Edwardsiella",1,11,54,0.203703703703704,34,101,60,13,41,34,101,60,13,14,0,58,14,0.241379310344828,0.0561886199795989
"Edwardsiella",3,7,54,0.12962962962963,34,101,60,13,41,34,101,60,13,14,0,58,14,0.241379310344828,0.0561886199795989
"Enterobacter",3,79,390,0.202564102564103,245,1792,558,32,358,245,1792,558,63,63,48,1660,40,0.0240963855421687,0.00376378988584675
"Enterobacter",2,74,390,0.18974358974359,245,1792,558,32,358,245,1792,558,63,63,0,1660,40,0.0240963855421687,0.00376378988584675
"Enterobacter",5,75,390,0.192307692307692,245,1792,558,32,358,245,1792,558,63,63,0,1660,40,0.0240963855421687,0.00376378988584675
"Enterobacter",4,52,390,0.133333333333333,245,1792,558,32,358,245,1792,558,63,63,0,1660,40,0.0240963855421687,0.00376378988584675
"Enterobacter",0,32,390,0.0820512820512821,245,1792,558,32,358,245,1792,558,63,63,21,1660,40,0.0240963855421687,0.00376378988584675
"Enterobacter",1,78,390,0.2,245,1792,558,32,358,245,1792,558,63,63,33,1660,40,0.0240963855421687,0.00376378988584675
"Enterobacteria",4,20,80,0.25,101,139,2,3,77,101,139,2,21,21,1,2783,72,0.0258713618397413,0.00300927029045699
"Enterobacteria",1,10,80,0.125,101,139,2,3,77,101,139,2,21,21,0,2783,72,0.0258713618397413,0.00300927029045699
"Enterobacteria",3,15,80,0.1875,101,139,2,3,77,101,139,2,21,21,1,2783,72,0.0258713618397413,0.00300927029045699
"Enterobacteria",0,3,80,0.0375,101,139,2,3,77,101,139,2,21,21,1,2783,72,0.0258713618397413,0.00300927029045699
"Enterobacteria",2,9,80,0.1125,101,139,2,3,77,101,139,2,21,21,0,2783,72,0.0258713618397413,0.00300927029045699
"Enterobacteria",5,23,80,0.2875,101,139,2,3,77,101,139,2,21,21,0,2783,72,0.0258713618397413,0.00300927029045699
"Enterococcus",0,656,2649,0.247640619101548,628,2124,3154,656,1993,628,2124,3154,384,392,0,3291,133,0.0404132482528107,0.00343273327522301
"Enterococcus",1,437,2649,0.164967912419781,628,2124,3154,656,1993,628,2124,3154,384,392,12,3291,133,0.0404132482528107,0.00343273327522301
"Enterococcus",5,243,2649,0.0917327293318233,628,2124,3154,656,1993,628,2124,3154,384,392,0,3291,133,0.0404132482528107,0.00343273327522301
"Enterococcus",3,418,2649,0.157795394488486,628,2124,3154,656,1993,628,2124,3154,384,392,0,3291,133,0.0404132482528107,0.00343273327522301
"Enterococcus",4,453,2649,0.171007927519819,628,2124,3154,656,1993,628,2124,3154,384,392,0,3291,133,0.0404132482528107,0.00343273327522301
"Enterococcus",2,442,2649,0.166855417138543,628,2124,3154,656,1993,628,2124,3154,384,392,0,3291,133,0.0404132482528107,0.00343273327522301
"Erwinia",5,7,44,0.159090909090909,49,567,60,6,38,49,567,60,18,18,0,93,21,0.225806451612903,0.0433562261311127
"Erwinia",0,6,44,0.136363636363636,49,567,60,6,38,49,567,60,18,18,0,93,21,0.225806451612903,0.0433562261311127
"Erwinia",1,4,44,0.0909090909090909,49,567,60,6,38,49,567,60,18,18,8,93,21,0.225806451612903,0.0433562261311127
"Erwinia",2,5,44,0.113636363636364,49,567,60,6,38,49,567,60,18,18,0,93,21,0.225806451612903,0.0433562261311127
"Erwinia",3,9,44,0.204545454545455,49,567,60,6,38,49,567,60,18,18,0,93,21,0.225806451612903,0.0433562261311127
"Erwinia",4,13,44,0.295454545454545,49,567,60,6,38,49,567,60,18,18,0,93,21,0.225806451612903,0.0433562261311127
"Escherichia",0,2229,9657,0.230817023920472,4017,4374,12747,2229,7428,4017,4374,12747,2493,2551,0,18475,567,0.0306901217861976,0.00126893215227913
"Escherichia",5,1736,9657,0.179765972869421,4017,4374,12747,2229,7428,4017,4374,12747,2493,2551,0,18475,567,0.0306901217861976,0.00126893215227913
"Escherichia",1,1705,9657,0.176555866211039,4017,4374,12747,2229,7428,4017,4374,12747,2493,2551,1,18475,567,0.0306901217861976,0.00126893215227913
"Escherichia",2,1425,9657,0.147561354457906,4017,4374,12747,2229,7428,4017,4374,12747,2493,2551,3,18475,567,0.0306901217861976,0.00126893215227913
"Escherichia",3,1083,9657,0.112146629388009,4017,4374,12747,2229,7428,4017,4374,12747,2493,2551,0,18475,567,0.0306901217861976,0.00126893215227913
"Escherichia",4,1479,9657,0.153153153153153,4017,4374,12747,2229,7428,4017,4374,12747,2493,2551,0,18475,567,0.0306901217861976,0.00126893215227913
"Eubacterium",1,11,24,0.458333333333333,69,986,45,6,18,69,986,45,17,17,7,120,15,0.125,0.030190368221228
"Eubacterium",2,0,24,0,69,986,45,6,18,69,986,45,17,17,0,120,15,0.125,0.030190368221228
"Eubacterium",3,0,24,0,69,986,45,6,18,69,986,45,17,17,0,120,15,0.125,0.030190368221228
"Eubacterium",4,2,24,0.0833333333333333,69,986,45,6,18,69,986,45,17,17,1,120,15,0.125,0.030190368221228
"Eubacterium",5,5,24,0.208333333333333,69,986,45,6,18,69,986,45,17,17,0,120,15,0.125,0.030190368221228
"Eubacterium",0,6,24,0.25,69,986,45,6,18,69,986,45,17,17,0,120,15,0.125,0.030190368221228
"Faecalibacterium",0,0,4,0,15,351,6,0,4,15,351,6,4,4,0,68,3,0.0441176470588235,0.0249031300527418
"Faecalibacterium",1,1,4,0.25,15,351,6,0,4,15,351,6,4,4,0,68,3,0.0441176470588235,0.0249031300527418
"Faecalibacterium",2,0,4,0,15,351,6,0,4,15,351,6,4,4,0,68,3,0.0441176470588235,0.0249031300527418
"Faecalibacterium",5,0,4,0,15,351,6,0,4,15,351,6,4,4,0,68,3,0.0441176470588235,0.0249031300527418
"Faecalibacterium",3,1,4,0.25,15,351,6,0,4,15,351,6,4,4,0,68,3,0.0441176470588235,0.0249031300527418
"Faecalibacterium",4,2,4,0.5,15,351,6,0,4,15,351,6,4,4,0,68,3,0.0441176470588235,0.0249031300527418
"Finegoldia",3,1,7,0.142857142857143,19,314,15,1,6,19,314,15,2,2,1,19,6,0.315789473684211,0.106639205290416
"Finegoldia",0,1,7,0.142857142857143,19,314,15,1,6,19,314,15,2,2,1,19,6,0.315789473684211,0.106639205290416
"Finegoldia",4,1,7,0.142857142857143,19,314,15,1,6,19,314,15,2,2,21,19,6,0.315789473684211,0.106639205290416
"Finegoldia",5,1,7,0.142857142857143,19,314,15,1,6,19,314,15,2,2,0,19,6,0.315789473684211,0.106639205290416
"Finegoldia",1,0,7,0,19,314,15,1,6,19,314,15,2,2,55,19,6,0.315789473684211,0.106639205290416
"Finegoldia",2,3,7,0.428571428571429,19,314,15,1,6,19,314,15,2,2,0,19,6,0.315789473684211,0.106639205290416
"Frankia",1,0,1,0,21,982,32,0,1,21,982,32,13,13,0,49,5,0.102040816326531,0.043243139866447
"Frankia",0,0,1,0,21,982,32,0,1,21,982,32,13,13,0,49,5,0.102040816326531,0.043243139866447
"Frankia",5,1,1,1,21,982,32,0,1,21,982,32,13,13,1,49,5,0.102040816326531,0.043243139866447
"Frankia",4,0,1,0,21,982,32,0,1,21,982,32,13,13,10,49,5,0.102040816326531,0.043243139866447
"Frankia",2,0,1,0,21,982,32,0,1,21,982,32,13,13,0,49,5,0.102040816326531,0.043243139866447
"Frankia",3,0,1,0,21,982,32,0,1,21,982,32,13,13,0,49,5,0.102040816326531,0.043243139866447
"Fusobacterium",3,130,707,0.183875530410184,95,2142,1259,129,578,95,2142,1259,60,60,0,165,22,0.133333333333333,0.0264638753839399
"Fusobacterium",5,118,707,0.166902404526167,95,2142,1259,129,578,95,2142,1259,60,60,1,165,22,0.133333333333333,0.0264638753839399
"Fusobacterium",2,115,707,0.162659123055163,95,2142,1259,129,578,95,2142,1259,60,60,1,165,22,0.133333333333333,0.0264638753839399
"Fusobacterium",0,129,707,0.182461103253182,95,2142,1259,129,578,95,2142,1259,60,60,2,165,22,0.133333333333333,0.0264638753839399
"Fusobacterium",1,98,707,0.138613861386139,95,2142,1259,129,578,95,2142,1259,60,60,0,165,22,0.133333333333333,0.0264638753839399
"Fusobacterium",4,117,707,0.165487977369165,95,2142,1259,129,578,95,2142,1259,60,60,71,165,22,0.133333333333333,0.0264638753839399
"Geobacillus",1,69,412,0.16747572815534,26,3034,686,107,305,26,3034,686,16,16,0,93,24,0.258064516129032,0.0453738617433724
"Geobacillus",0,107,412,0.259708737864078,26,3034,686,107,305,26,3034,686,16,16,0,93,24,0.258064516129032,0.0453738617433724
"Geobacillus",4,72,412,0.174757281553398,26,3034,686,107,305,26,3034,686,16,16,8,93,24,0.258064516129032,0.0453738617433724
"Geobacillus",2,46,412,0.111650485436893,26,3034,686,107,305,26,3034,686,16,16,0,93,24,0.258064516129032,0.0453738617433724
"Geobacillus",3,56,412,0.135922330097087,26,3034,686,107,305,26,3034,686,16,16,0,93,24,0.258064516129032,0.0453738617433724
"Geobacillus",5,62,412,0.150485436893204,26,3034,686,107,305,26,3034,686,16,16,0,93,24,0.258064516129032,0.0453738617433724
"Gluconacetobacter",0,3,5,0.6,64,128,6,3,2,64,128,6,2,2,0,2783,14,0.00503054257994969,0.00134108308930722
"Gluconacetobacter",4,1,5,0.2,64,128,6,3,2,64,128,6,2,2,0,2783,14,0.00503054257994969,0.00134108308930722
"Gluconacetobacter",5,0,5,0,64,128,6,3,2,64,128,6,2,2,82,2783,14,0.00503054257994969,0.00134108308930722
"Gluconacetobacter",1,1,5,0.2,64,128,6,3,2,64,128,6,2,2,5,2783,14,0.00503054257994969,0.00134108308930722
"Gluconacetobacter",2,0,5,0,64,128,6,3,2,64,128,6,2,2,0,2783,14,0.00503054257994969,0.00134108308930722
"Gluconacetobacter",3,0,5,0,64,128,6,3,2,64,128,6,2,2,0,2783,14,0.00503054257994969,0.00134108308930722
"Gordonia",1,0,2,0,16,437,6,0,2,16,437,6,4,4,0,85,23,0.270588235294118,0.0481871647804967
"Gordonia",5,2,2,1,16,437,6,0,2,16,437,6,4,4,0,85,23,0.270588235294118,0.0481871647804967
"Gordonia",2,0,2,0,16,437,6,0,2,16,437,6,4,4,0,85,23,0.270588235294118,0.0481871647804967
"Gordonia",3,0,2,0,16,437,6,0,2,16,437,6,4,4,0,85,23,0.270588235294118,0.0481871647804967
"Gordonia",0,0,2,0,16,437,6,0,2,16,437,6,4,4,0,85,23,0.270588235294118,0.0481871647804967
"Gordonia",4,0,2,0,16,437,6,0,2,16,437,6,4,4,0,85,23,0.270588235294118,0.0481871647804967
"Haemophilus",2,52,207,0.251207729468599,206,358,265,45,162,206,358,265,77,81,2,826,43,0.0520581113801453,0.00772938674115113
"Haemophilus",1,36,207,0.173913043478261,206,358,265,45,162,206,358,265,77,81,1,826,43,0.0520581113801453,0.00772938674115113
"Haemophilus",0,45,207,0.217391304347826,206,358,265,45,162,206,358,265,77,81,0,826,43,0.0520581113801453,0.00772938674115113
"Haemophilus",3,38,207,0.183574879227053,206,358,265,45,162,206,358,265,77,81,0,826,43,0.0520581113801453,0.00772938674115113
"Haemophilus",4,18,207,0.0869565217391304,206,358,265,45,162,206,358,265,77,81,0,826,43,0.0520581113801453,0.00772938674115113
"Haemophilus",5,18,207,0.0869565217391304,206,358,265,45,162,206,358,265,77,81,1,826,43,0.0520581113801453,0.00772938674115113
"Helicobacter",2,3,4,0.75,94,365,6,0,4,94,365,6,6,6,0,1539,61,0.0396361273554256,0.00497329481480219
"Helicobacter",0,0,4,0,94,365,6,0,4,94,365,6,6,6,0,1539,61,0.0396361273554256,0.00497329481480219
"Helicobacter",3,0,4,0,94,365,6,0,4,94,365,6,6,6,0,1539,61,0.0396361273554256,0.00497329481480219
"Helicobacter",4,0,4,0,94,365,6,0,4,94,365,6,6,6,0,1539,61,0.0396361273554256,0.00497329481480219
"Helicobacter",5,1,4,0.25,94,365,6,0,4,94,365,6,6,6,26,1539,61,0.0396361273554256,0.00497329481480219
"Helicobacter",1,0,4,0,94,365,6,0,4,94,365,6,6,6,0,1539,61,0.0396361273554256,0.00497329481480219
"Klebsiella",1,544,2629,0.206922784328642,292,2661,2932,740,1889,292,2661,2932,148,148,0,8444,70,0.00828990999526291,0.000986718251122246
"Klebsiella",2,428,2629,0.162799543552682,292,2661,2932,740,1889,292,2661,2932,148,148,0,8444,70,0.00828990999526291,0.000986718251122246
"Klebsiella",3,362,2629,0.137694941042221,292,2661,2932,740,1889,292,2661,2932,148,148,0,8444,70,0.00828990999526291,0.000986718251122246
"Klebsiella",0,740,2629,0.281475846329403,292,2661,2932,740,1889,292,2661,2932,148,148,0,8444,70,0.00828990999526291,0.000986718251122246
"Klebsiella",4,319,2629,0.121338912133891,292,2661,2932,740,1889,292,2661,2932,148,148,0,8444,70,0.00828990999526291,0.000986718251122246
"Klebsiella",5,236,2629,0.0897679726131609,292,2661,2932,740,1889,292,2661,2932,148,148,34,8444,70,0.00828990999526291,0.000986718251122246
"Lachnospiraceae",4,1,1,1,57,686,13,0,1,57,686,13,11,11,0,503,11,0.0218687872763419,0.00652119093811095
"Lachnospiraceae",5,0,1,0,57,686,13,0,1,57,686,13,11,11,0,503,11,0.0218687872763419,0.00652119093811095
"Lachnospiraceae",3,0,1,0,57,686,13,0,1,57,686,13,11,11,0,503,11,0.0218687872763419,0.00652119093811095
"Lachnospiraceae",0,0,1,0,57,686,13,0,1,57,686,13,11,11,0,503,11,0.0218687872763419,0.00652119093811095
"Lachnospiraceae",1,0,1,0,57,686,13,0,1,57,686,13,11,11,0,503,11,0.0218687872763419,0.00652119093811095
"Lachnospiraceae",2,0,1,0,57,686,13,0,1,57,686,13,11,11,48,503,11,0.0218687872763419,0.00652119093811095
"Lactobacillus",2,665,3698,0.179826933477555,563,9107,4523,844,2854,563,9107,4523,297,308,0,2310,183,0.0792207792207792,0.00561941776345085
"Lactobacillus",0,844,3698,0.22823147647377,563,9107,4523,844,2854,563,9107,4523,297,308,21,2310,183,0.0792207792207792,0.00561941776345085
"Lactobacillus",5,411,3698,0.111141157382369,563,9107,4523,844,2854,563,9107,4523,297,308,33,2310,183,0.0792207792207792,0.00561941776345085
"Lactobacillus",3,540,3698,0.146024878312601,563,9107,4523,844,2854,563,9107,4523,297,308,0,2310,183,0.0792207792207792,0.00561941776345085
"Lactobacillus",1,655,3698,0.177122769064359,563,9107,4523,844,2854,563,9107,4523,297,308,0,2310,183,0.0792207792207792,0.00561941776345085
"Lactobacillus",4,583,3698,0.157652785289346,563,9107,4523,844,2854,563,9107,4523,297,308,1,2310,183,0.0792207792207792,0.00561941776345085
"Laribacter",3,0,1,0,13,13,1,0,1,13,13,1,1,1,0,3,1,0.333333333333333,0.272165526975909
"Laribacter",5,0,1,0,13,13,1,0,1,13,13,1,1,1,0,3,1,0.333333333333333,0.272165526975909
"Laribacter",0,0,1,0,13,13,1,0,1,13,13,1,1,1,1,3,1,0.333333333333333,0.272165526975909
"Laribacter",1,0,1,0,13,13,1,0,1,13,13,1,1,1,0,3,1,0.333333333333333,0.272165526975909
"Laribacter",4,1,1,1,13,13,1,0,1,13,13,1,1,1,1,3,1,0.333333333333333,0.272165526975909
"Laribacter",2,0,1,0,13,13,1,0,1,13,13,1,1,1,0,3,1,0.333333333333333,0.272165526975909
"Leuconostoc",0,6,22,0.272727272727273,82,81,23,6,16,82,81,23,12,15,12,147,25,0.170068027210884,0.0309865994002413
"Leuconostoc",1,1,22,0.0454545454545455,82,81,23,6,16,82,81,23,12,15,0,147,25,0.170068027210884,0.0309865994002413
"Leuconostoc",4,7,22,0.318181818181818,82,81,23,6,16,82,81,23,12,15,0,147,25,0.170068027210884,0.0309865994002413
"Leuconostoc",5,1,22,0.0454545454545455,82,81,23,6,16,82,81,23,12,15,0,147,25,0.170068027210884,0.0309865994002413
"Leuconostoc",2,0,22,0,82,81,23,6,16,82,81,23,12,15,0,147,25,0.170068027210884,0.0309865994002413
"Leuconostoc",3,7,22,0.318181818181818,82,81,23,6,16,82,81,23,12,15,0,147,25,0.170068027210884,0.0309865994002413
"Listeria",5,724,8224,0.0880350194552529,244,2546,9703,2470,5754,244,2546,9703,115,115,0,21352,108,0.00505807418508805,0.000485480938643877
"Listeria",0,2470,8224,0.30034046692607,244,2546,9703,2470,5754,244,2546,9703,115,115,8,21352,108,0.00505807418508805,0.000485480938643877
"Listeria",1,1631,8224,0.198321984435798,244,2546,9703,2470,5754,244,2546,9703,115,115,0,21352,108,0.00505807418508805,0.000485480938643877
"Listeria",2,1411,8224,0.171571011673152,244,2546,9703,2470,5754,244,2546,9703,115,115,0,21352,108,0.00505807418508805,0.000485480938643877
"Listeria",3,1194,8224,0.145184824902724,244,2546,9703,2470,5754,244,2546,9703,115,115,0,21352,108,0.00505807418508805,0.000485480938643877
"Listeria",4,794,8224,0.0965466926070039,244,2546,9703,2470,5754,244,2546,9703,115,115,0,21352,108,0.00505807418508805,0.000485480938643877
"Mannheimia",1,47,335,0.140298507462687,109,218,426,112,223,109,218,426,66,66,0,135,15,0.111111111111111,0.0270480275311193
"Mannheimia",2,39,335,0.116417910447761,109,218,426,112,223,109,218,426,66,66,1,135,15,0.111111111111111,0.0270480275311193
"Mannheimia",3,44,335,0.13134328358209,109,218,426,112,223,109,218,426,66,66,3,135,15,0.111111111111111,0.0270480275311193
"Mannheimia",5,38,335,0.113432835820896,109,218,426,112,223,109,218,426,66,66,0,135,15,0.111111111111111,0.0270480275311193
"Mannheimia",0,112,335,0.334328358208955,109,218,426,112,223,109,218,426,66,66,0,135,15,0.111111111111111,0.0270480275311193
"Mannheimia",4,55,335,0.164179104477612,109,218,426,112,223,109,218,426,66,66,7,135,15,0.111111111111111,0.0270480275311193
"Marinobacter",0,1,1,1,24,639,5,1,0,24,639,5,0,1,0,129,9,0.0697674418604651,0.0224298987056006
"Marinobacter",1,0,1,0,24,639,5,1,0,24,639,5,0,1,0,129,9,0.0697674418604651,0.0224298987056006
"Marinobacter",2,0,1,0,24,639,5,1,0,24,639,5,0,1,1,129,9,0.0697674418604651,0.0224298987056006
"Marinobacter",3,0,1,0,24,639,5,1,0,24,639,5,0,1,0,129,9,0.0697674418604651,0.0224298987056006
"Marinobacter",4,0,1,0,24,639,5,1,0,24,639,5,0,1,0,129,9,0.0697674418604651,0.0224298987056006
"Marinobacter",5,0,1,0,24,639,5,1,0,24,639,5,0,1,0,129,9,0.0697674418604651,0.0224298987056006
"Meiothermus",0,5,7,0.714285714285714,15,556,16,5,2,15,556,16,5,7,0,22,3,0.136363636363636,0.0731650049984536
"Meiothermus",2,0,7,0,15,556,16,5,2,15,556,16,5,7,0,22,3,0.136363636363636,0.0731650049984536
"Meiothermus",3,0,7,0,15,556,16,5,2,15,556,16,5,7,0,22,3,0.136363636363636,0.0731650049984536
"Meiothermus",1,0,7,0,15,556,16,5,2,15,556,16,5,7,0,22,3,0.136363636363636,0.0731650049984536
"Meiothermus",5,0,7,0,15,556,16,5,2,15,556,16,5,7,0,22,3,0.136363636363636,0.0731650049984536
"Meiothermus",4,2,7,0.285714285714286,15,556,16,5,2,15,556,16,5,7,1,22,3,0.136363636363636,0.0731650049984536
"Methylobacterium",3,1,10,0.1,40,315,20,1,9,40,315,20,15,16,1,120,10,0.0833333333333333,0.0252304196174791
"Methylobacterium",4,3,10,0.3,40,315,20,1,9,40,315,20,15,16,21,120,10,0.0833333333333333,0.0252304196174791
"Methylobacterium",1,0,10,0,40,315,20,1,9,40,315,20,15,16,0,120,10,0.0833333333333333,0.0252304196174791
"Methylobacterium",2,0,10,0,40,315,20,1,9,40,315,20,15,16,55,120,10,0.0833333333333333,0.0252304196174791
"Methylobacterium",5,5,10,0.5,40,315,20,1,9,40,315,20,15,16,0,120,10,0.0833333333333333,0.0252304196174791
"Methylobacterium",0,1,10,0.1,40,315,20,1,9,40,315,20,15,16,0,120,10,0.0833333333333333,0.0252304196174791
"Moraxella",2,114,839,0.135876042908224,38,2882,933,260,579,38,2882,933,28,28,0,179,12,0.0670391061452514,0.0186925827599456
"Moraxella",0,260,839,0.309892729439809,38,2882,933,260,579,38,2882,933,28,28,1,179,12,0.0670391061452514,0.0186925827599456
"Moraxella",3,120,839,0.143027413587604,38,2882,933,260,579,38,2882,933,28,28,10,179,12,0.0670391061452514,0.0186925827599456
"Moraxella",1,172,839,0.205005959475566,38,2882,933,260,579,38,2882,933,28,28,0,179,12,0.0670391061452514,0.0186925827599456
"Moraxella",4,84,839,0.100119189511323,38,2882,933,260,579,38,2882,933,28,28,0,179,12,0.0670391061452514,0.0186925827599456
"Moraxella",5,89,839,0.106078665077473,38,2882,933,260,579,38,2882,933,28,28,0,179,12,0.0670391061452514,0.0186925827599456
"Mycobacterium",4,57,523,0.108986615678776,389,4058,6476,323,200,389,4058,6476,234,234,1,7220,313,0.0433518005540166,0.00239668578711364
"Mycobacterium",5,65,523,0.124282982791587,389,4058,6476,323,200,389,4058,6476,234,234,1,7220,313,0.0433518005540166,0.00239668578711364
"Mycobacterium",1,25,523,0.0478011472275335,389,4058,6476,323,200,389,4058,6476,234,234,2,7220,313,0.0433518005540166,0.00239668578711364
"Mycobacterium",2,22,523,0.0420650095602294,389,4058,6476,323,200,389,4058,6476,234,234,0,7220,313,0.0433518005540166,0.00239668578711364
"Mycobacterium",0,323,523,0.617590822179732,389,4058,6476,323,200,389,4058,6476,234,234,71,7220,313,0.0433518005540166,0.00239668578711364
"Mycobacterium",3,31,523,0.0592734225621415,389,4058,6476,323,200,389,4058,6476,234,234,0,7220,313,0.0433518005540166,0.00239668578711364
"Mycoplasma",3,0,7,0,24,774,8,0,7,24,774,8,4,4,0,488,18,0.0368852459016393,0.00853209040464185
"Mycoplasma",1,4,7,0.571428571428571,24,774,8,0,7,24,774,8,4,4,8,488,18,0.0368852459016393,0.00853209040464185
"Mycoplasma",2,2,7,0.285714285714286,24,774,8,0,7,24,774,8,4,4,0,488,18,0.0368852459016393,0.00853209040464185
"Mycoplasma",0,0,7,0,24,774,8,0,7,24,774,8,4,4,0,488,18,0.0368852459016393,0.00853209040464185
"Mycoplasma",4,0,7,0,24,774,8,0,7,24,774,8,4,4,0,488,18,0.0368852459016393,0.00853209040464185
"Mycoplasma",5,1,7,0.142857142857143,24,774,8,0,7,24,774,8,4,4,0,488,18,0.0368852459016393,0.00853209040464185
"Neisseria",0,575,3706,0.155153804641122,272,3653,5005,575,3131,272,3653,5005,193,195,0,2278,83,0.0364354697102722,0.00392577792726242
"Neisseria",4,760,3706,0.205072854830005,272,3653,5005,575,3131,272,3653,5005,193,195,82,2278,83,0.0364354697102722,0.00392577792726242
"Neisseria",5,463,3706,0.124932541824069,272,3653,5005,575,3131,272,3653,5005,193,195,5,2278,83,0.0364354697102722,0.00392577792726242
"Neisseria",1,641,3706,0.172962763086886,272,3653,5005,575,3131,272,3653,5005,193,195,0,2278,83,0.0364354697102722,0.00392577792726242
"Neisseria",2,637,3706,0.171883432271991,272,3653,5005,575,3131,272,3653,5005,193,195,0,2278,83,0.0364354697102722,0.00392577792726242
"Neisseria",3,630,3706,0.169994603345926,272,3653,5005,575,3131,272,3653,5005,193,195,0,2278,83,0.0364354697102722,0.00392577792726242
"Nitrobacter",4,0,1,0,34,52,1,0,1,34,52,1,1,1,0,7,3,0.428571428571429,0.187043905916565
"Nitrobacter",1,0,1,0,34,52,1,0,1,34,52,1,1,1,0,7,3,0.428571428571429,0.187043905916565
"Nitrobacter",2,1,1,1,34,52,1,0,1,34,52,1,1,1,0,7,3,0.428571428571429,0.187043905916565
"Nitrobacter",3,0,1,0,34,52,1,0,1,34,52,1,1,1,0,7,3,0.428571428571429,0.187043905916565
"Nitrobacter",5,0,1,0,34,52,1,0,1,34,52,1,1,1,0,7,3,0.428571428571429,0.187043905916565
"Nitrobacter",0,0,1,0,34,52,1,0,1,34,52,1,1,1,2,7,3,0.428571428571429,0.187043905916565
"Oenococcus",0,0,1,0,34,55,1,0,1,34,55,1,1,1,1,248,2,0.00806451612903226,0.00567943364844454
"Oenococcus",1,1,1,1,34,55,1,0,1,34,55,1,1,1,0,248,2,0.00806451612903226,0.00567943364844454
"Oenococcus",5,0,1,0,34,55,1,0,1,34,55,1,1,1,0,248,2,0.00806451612903226,0.00567943364844454
"Oenococcus",4,0,1,0,34,55,1,0,1,34,55,1,1,1,0,248,2,0.00806451612903226,0.00567943364844454
"Oenococcus",2,0,1,0,34,55,1,0,1,34,55,1,1,1,1,248,2,0.00806451612903226,0.00567943364844454
"Oenococcus",3,0,1,0,34,55,1,0,1,34,55,1,1,1,0,248,2,0.00806451612903226,0.00567943364844454
"Oscillibacter",2,0,1,0,16,32,1,1,0,16,32,1,0,1,0,12,2,0.166666666666667,0.107582870727984
"Oscillibacter",3,0,1,0,16,32,1,1,0,16,32,1,0,1,0,12,2,0.166666666666667,0.107582870727984
"Oscillibacter",1,0,1,0,16,32,1,1,0,16,32,1,0,1,0,12,2,0.166666666666667,0.107582870727984
"Oscillibacter",4,0,1,0,16,32,1,1,0,16,32,1,0,1,26,12,2,0.166666666666667,0.107582870727984
"Oscillibacter",5,0,1,0,16,32,1,1,0,16,32,1,0,1,0,12,2,0.166666666666667,0.107582870727984
"Oscillibacter",0,1,1,1,16,32,1,1,0,16,32,1,0,1,0,12,2,0.166666666666667,0.107582870727984
"Oxalobacter",1,0,2,0,15,87,2,0,2,15,87,2,1,1,0,4,3,0.75,0.21650635094611
"Oxalobacter",3,1,2,0.5,15,87,2,0,2,15,87,2,1,1,0,4,3,0.75,0.21650635094611
"Oxalobacter",2,0,2,0,15,87,2,0,2,15,87,2,1,1,0,4,3,0.75,0.21650635094611
"Oxalobacter",0,0,2,0,15,87,2,0,2,15,87,2,1,1,0,4,3,0.75,0.21650635094611
"Oxalobacter",4,1,2,0.5,15,87,2,0,2,15,87,2,1,1,34,4,3,0.75,0.21650635094611
"Oxalobacter",5,0,2,0,15,87,2,0,2,15,87,2,1,1,0,4,3,0.75,0.21650635094611
"Paenibacillus",3,24,157,0.152866242038217,120,6833,266,31,126,120,6833,266,52,54,0,483,28,0.0579710144927536,0.0106332008634928
"Paenibacillus",1,17,157,0.10828025477707,120,6833,266,31,126,120,6833,266,52,54,0,483,28,0.0579710144927536,0.0106332008634928
"Paenibacillus",4,31,157,0.197452229299363,120,6833,266,31,126,120,6833,266,52,54,0,483,28,0.0579710144927536,0.0106332008634928
"Paenibacillus",0,31,157,0.197452229299363,120,6833,266,31,126,120,6833,266,52,54,0,483,28,0.0579710144927536,0.0106332008634928
"Paenibacillus",2,23,157,0.146496815286624,120,6833,266,31,126,120,6833,266,52,54,48,483,28,0.0579710144927536,0.0106332008634928
"Paenibacillus",5,31,157,0.197452229299363,120,6833,266,31,126,120,6833,266,52,54,0,483,28,0.0579710144927536,0.0106332008634928
"Pantoea",0,0,4,0,53,131,5,0,4,53,131,5,4,4,21,244,17,0.069672131147541,0.0162986881309686
"Pantoea",1,0,4,0,53,131,5,0,4,53,131,5,4,4,33,244,17,0.069672131147541,0.0162986881309686
"Pantoea",2,0,4,0,53,131,5,0,4,53,131,5,4,4,0,244,17,0.069672131147541,0.0162986881309686
"Pantoea",5,1,4,0.25,53,131,5,0,4,53,131,5,4,4,0,244,17,0.069672131147541,0.0162986881309686
"Pantoea",3,2,4,0.5,53,131,5,0,4,53,131,5,4,4,1,244,17,0.069672131147541,0.0162986881309686
"Pantoea",4,1,4,0.25,53,131,5,0,4,53,131,5,4,4,0,244,17,0.069672131147541,0.0162986881309686
"Paracoccus",3,1,8,0.125,31,288,9,1,7,31,288,9,7,8,0,102,6,0.0588235294117647,0.02329758924651
"Paracoccus",5,6,8,0.75,31,288,9,1,7,31,288,9,7,8,1,102,6,0.0588235294117647,0.02329758924651
"Paracoccus",0,1,8,0.125,31,288,9,1,7,31,288,9,7,8,0,102,6,0.0588235294117647,0.02329758924651
"Paracoccus",1,0,8,0,31,288,9,1,7,31,288,9,7,8,1,102,6,0.0588235294117647,0.02329758924651
"Paracoccus",2,0,8,0,31,288,9,1,7,31,288,9,7,8,0,102,6,0.0588235294117647,0.02329758924651
"Paracoccus",4,0,8,0,31,288,9,1,7,31,288,9,7,8,12,102,6,0.0588235294117647,0.02329758924651
"Pasteurella",0,185,545,0.339449541284404,20,1797,587,185,360,20,1797,587,14,14,0,212,6,0.0283018867924528,0.0113895205881762
"Pasteurella",1,106,545,0.194495412844037,20,1797,587,185,360,20,1797,587,14,14,0,212,6,0.0283018867924528,0.0113895205881762
"Pasteurella",2,79,545,0.144954128440367,20,1797,587,185,360,20,1797,587,14,14,0,212,6,0.0283018867924528,0.0113895205881762
"Pasteurella",3,61,545,0.111926605504587,20,1797,587,185,360,20,1797,587,14,14,0,212,6,0.0283018867924528,0.0113895205881762
"Pasteurella",5,57,545,0.104587155963303,20,1797,587,185,360,20,1797,587,14,14,0,212,6,0.0283018867924528,0.0113895205881762
"Pasteurella",4,57,545,0.104587155963303,20,1797,587,185,360,20,1797,587,14,14,0,212,6,0.0283018867924528,0.0113895205881762
"Pectobacterium",0,54,339,0.15929203539823,38,2355,381,54,285,38,2355,381,14,14,8,149,10,0.0671140939597315,0.0204987791994816
"Pectobacterium",4,48,339,0.141592920353982,38,2355,381,54,285,38,2355,381,14,14,0,149,10,0.0671140939597315,0.0204987791994816
"Pectobacterium",5,38,339,0.112094395280236,38,2355,381,54,285,38,2355,381,14,14,0,149,10,0.0671140939597315,0.0204987791994816
"Pectobacterium",1,68,339,0.200589970501475,38,2355,381,54,285,38,2355,381,14,14,0,149,10,0.0671140939597315,0.0204987791994816
"Pectobacterium",2,72,339,0.212389380530973,38,2355,381,54,285,38,2355,381,14,14,0,149,10,0.0671140939597315,0.0204987791994816
"Pectobacterium",3,59,339,0.174041297935103,38,2355,381,54,285,38,2355,381,14,14,0,149,10,0.0671140939597315,0.0204987791994816
"Pediococcus",1,10,44,0.227272727272727,16,290,48,2,42,16,290,48,7,7,1,85,6,0.0705882352941176,0.0277818256995849
"Pediococcus",5,1,44,0.0227272727272727,16,290,48,2,42,16,290,48,7,7,3,85,6,0.0705882352941176,0.0277818256995849
"Pediococcus",2,14,44,0.318181818181818,16,290,48,2,42,16,290,48,7,7,0,85,6,0.0705882352941176,0.0277818256995849
"Pediococcus",3,9,44,0.204545454545455,16,290,48,2,42,16,290,48,7,7,0,85,6,0.0705882352941176,0.0277818256995849
"Pediococcus",0,2,44,0.0454545454545455,16,290,48,2,42,16,290,48,7,7,7,85,6,0.0705882352941176,0.0277818256995849
"Pediococcus",4,8,44,0.181818181818182,16,290,48,2,42,16,290,48,7,7,0,85,6,0.0705882352941176,0.0277818256995849
"Peptoniphilus",5,0,1,0,21,547,18,0,1,21,547,18,7,7,0,41,5,0.121951219512195,0.0511046557880179
"Peptoniphilus",1,0,1,0,21,547,18,0,1,21,547,18,7,7,1,41,5,0.121951219512195,0.0511046557880179
"Peptoniphilus",0,0,1,0,21,547,18,0,1,21,547,18,7,7,0,41,5,0.121951219512195,0.0511046557880179
"Peptoniphilus",4,1,1,1,21,547,18,0,1,21,547,18,7,7,0,41,5,0.121951219512195,0.0511046557880179
"Peptoniphilus",2,0,1,0,21,547,18,0,1,21,547,18,7,7,0,41,5,0.121951219512195,0.0511046557880179
"Peptoniphilus",3,0,1,0,21,547,18,0,1,21,547,18,7,7,0,41,5,0.121951219512195,0.0511046557880179
"Photorhabdus",2,27,149,0.181208053691275,37,487,197,21,128,37,487,197,17,17,0,46,5,0.108695652173913,0.0458923379444621
"Photorhabdus",1,13,149,0.087248322147651,37,487,197,21,128,37,487,197,17,17,0,46,5,0.108695652173913,0.0458923379444621
"Photorhabdus",0,21,149,0.140939597315436,37,487,197,21,128,37,487,197,17,17,0,46,5,0.108695652173913,0.0458923379444621
"Photorhabdus",3,13,149,0.087248322147651,37,487,197,21,128,37,487,197,17,17,0,46,5,0.108695652173913,0.0458923379444621
"Photorhabdus",4,29,149,0.194630872483221,37,487,197,21,128,37,487,197,17,17,1,46,5,0.108695652173913,0.0458923379444621
"Photorhabdus",5,46,149,0.308724832214765,37,487,197,21,128,37,487,197,17,17,1,46,5,0.108695652173913,0.0458923379444621
"Prevotella",0,0,2,0,16,2608,5,0,2,16,2608,5,4,4,21,434,10,0.0230414746543779,0.00720192068277871
"Prevotella",3,0,2,0,16,2608,5,0,2,16,2608,5,4,4,0,434,10,0.0230414746543779,0.00720192068277871
"Prevotella",1,0,2,0,16,2608,5,0,2,16,2608,5,4,4,55,434,10,0.0230414746543779,0.00720192068277871
"Prevotella",2,0,2,0,16,2608,5,0,2,16,2608,5,4,4,0,434,10,0.0230414746543779,0.00720192068277871
"Prevotella",4,2,2,1,16,2608,5,0,2,16,2608,5,4,4,0,434,10,0.0230414746543779,0.00720192068277871
"Prevotella",5,0,2,0,16,2608,5,0,2,16,2608,5,4,4,0,434,10,0.0230414746543779,0.00720192068277871
"Propionibacterium",1,11,51,0.215686274509804,15,740,62,5,46,15,740,62,7,7,1,75,8,0.106666666666667,0.0356443336102461
"Propionibacterium",3,17,51,0.333333333333333,15,740,62,5,46,15,740,62,7,7,10,75,8,0.106666666666667,0.0356443336102461
"Propionibacterium",0,5,51,0.0980392156862745,15,740,62,5,46,15,740,62,7,7,0,75,8,0.106666666666667,0.0356443336102461
"Propionibacterium",2,10,51,0.196078431372549,15,740,62,5,46,15,740,62,7,7,0,75,8,0.106666666666667,0.0356443336102461
"Propionibacterium",4,5,51,0.0980392156862745,15,740,62,5,46,15,740,62,7,7,0,75,8,0.106666666666667,0.0356443336102461
"Propionibacterium",5,3,51,0.0588235294117647,15,740,62,5,46,15,740,62,7,7,1,75,8,0.106666666666667,0.0356443336102461
"Proteus",0,9,29,0.310344827586207,30,113,29,9,20,30,113,29,10,10,1,180,7,0.0388888888888889,0.014409977872193
"Proteus",1,5,29,0.172413793103448,30,113,29,9,20,30,113,29,10,10,2,180,7,0.0388888888888889,0.014409977872193
"Proteus",3,4,29,0.137931034482759,30,113,29,9,20,30,113,29,10,10,0,180,7,0.0388888888888889,0.014409977872193
"Proteus",4,6,29,0.206896551724138,30,113,29,9,20,30,113,29,10,10,71,180,7,0.0388888888888889,0.014409977872193
"Proteus",2,5,29,0.172413793103448,30,113,29,9,20,30,113,29,10,10,0,180,7,0.0388888888888889,0.014409977872193
"Proteus",5,0,29,0,30,113,29,9,20,30,113,29,10,10,0,180,7,0.0388888888888889,0.014409977872193
"Providencia",2,31,179,0.173184357541899,50,595,221,41,138,50,595,221,29,29,8,74,6,0.0810810810810811,0.031730908150436
"Providencia",4,22,179,0.122905027932961,50,595,221,41,138,50,595,221,29,29,0,74,6,0.0810810810810811,0.031730908150436
"Providencia",5,36,179,0.201117318435754,50,595,221,41,138,50,595,221,29,29,0,74,6,0.0810810810810811,0.031730908150436
"Providencia",0,41,179,0.229050279329609,50,595,221,41,138,50,595,221,29,29,0,74,6,0.0810810810810811,0.031730908150436
"Providencia",3,21,179,0.11731843575419,50,595,221,41,138,50,595,221,29,29,0,74,6,0.0810810810810811,0.031730908150436
"Providencia",1,28,179,0.156424581005587,50,595,221,41,138,50,595,221,29,29,0,74,6,0.0810810810810811,0.031730908150436
"Pseudoalteromonas",3,1,8,0.125,16,1086,16,1,7,16,1086,16,8,8,82,286,7,0.0244755244755245,0.00913696732773821
"Pseudoalteromonas",0,1,8,0.125,16,1086,16,1,7,16,1086,16,8,8,5,286,7,0.0244755244755245,0.00913696732773821
"Pseudoalteromonas",1,1,8,0.125,16,1086,16,1,7,16,1086,16,8,8,0,286,7,0.0244755244755245,0.00913696732773821
"Pseudoalteromonas",4,3,8,0.375,16,1086,16,1,7,16,1086,16,8,8,0,286,7,0.0244755244755245,0.00913696732773821
"Pseudoalteromonas",2,1,8,0.125,16,1086,16,1,7,16,1086,16,8,8,0,286,7,0.0244755244755245,0.00913696732773821
"Pseudoalteromonas",5,1,8,0.125,16,1086,16,1,7,16,1086,16,8,8,0,286,7,0.0244755244755245,0.00913696732773821
"Pseudomonas",5,1083,14202,0.0762568652302493,882,6280,15376,4678,9524,882,6280,15376,446,447,0,6967,258,0.0370317209702885,0.00226240333921232
"Pseudomonas",4,1583,14202,0.111463174200817,882,6280,15376,4678,9524,882,6280,15376,446,447,0,6967,258,0.0370317209702885,0.00226240333921232
"Pseudomonas",2,2108,14202,0.148429798619913,882,6280,15376,4678,9524,882,6280,15376,446,447,0,6967,258,0.0370317209702885,0.00226240333921232
"Pseudomonas",3,1729,14202,0.121743416420223,882,6280,15376,4678,9524,882,6280,15376,446,447,0,6967,258,0.0370317209702885,0.00226240333921232
"Pseudomonas",0,4678,14202,0.32939022672863,882,6280,15376,4678,9524,882,6280,15376,446,447,2,6967,258,0.0370317209702885,0.00226240333921232
"Pseudomonas",1,3021,14202,0.212716518800169,882,6280,15376,4678,9524,882,6280,15376,446,447,1,6967,258,0.0370317209702885,0.00226240333921232
"Rahnella",4,3,11,0.272727272727273,31,138,11,1,10,31,138,11,2,3,0,33,10,0.303030303030303,0.0800005565275464
"Rahnella",1,3,11,0.272727272727273,31,138,11,1,10,31,138,11,2,3,0,33,10,0.303030303030303,0.0800005565275464
"Rahnella",2,1,11,0.0909090909090909,31,138,11,1,10,31,138,11,2,3,0,33,10,0.303030303030303,0.0800005565275464
"Rahnella",3,3,11,0.272727272727273,31,138,11,1,10,31,138,11,2,3,1,33,10,0.303030303030303,0.0800005565275464
"Rahnella",0,1,11,0.0909090909090909,31,138,11,1,10,31,138,11,2,3,0,33,10,0.303030303030303,0.0800005565275464
"Rahnella",5,0,11,0,31,138,11,1,10,31,138,11,2,3,0,33,10,0.303030303030303,0.0800005565275464
"Ralstonia",1,15,123,0.121951219512195,96,704,195,11,112,96,704,195,44,47,0,168,55,0.327380952380952,0.0362040073090355
"Ralstonia",0,11,123,0.0894308943089431,96,704,195,11,112,96,704,195,44,47,0,168,55,0.327380952380952,0.0362040073090355
"Ralstonia",5,18,123,0.146341463414634,96,704,195,11,112,96,704,195,44,47,26,168,55,0.327380952380952,0.0362040073090355
"Ralstonia",2,26,123,0.211382113821138,96,704,195,11,112,96,704,195,44,47,0,168,55,0.327380952380952,0.0362040073090355
"Ralstonia",3,28,123,0.227642276422764,96,704,195,11,112,96,704,195,44,47,0,168,55,0.327380952380952,0.0362040073090355
"Ralstonia",4,25,123,0.203252032520325,96,704,195,11,112,96,704,195,44,47,0,168,55,0.327380952380952,0.0362040073090355
"Rhodobacter",5,3,14,0.214285714285714,85,443,52,3,11,85,443,52,30,31,0,68,15,0.220588235294118,0.0502828858945222
"Rhodobacter",0,3,14,0.214285714285714,85,443,52,3,11,85,443,52,30,31,0,68,15,0.220588235294118,0.0502828858945222
"Rhodobacter",2,2,14,0.142857142857143,85,443,52,3,11,85,443,52,30,31,0,68,15,0.220588235294118,0.0502828858945222
"Rhodobacter",3,1,14,0.0714285714285714,85,443,52,3,11,85,443,52,30,31,34,68,15,0.220588235294118,0.0502828858945222
"Rhodobacter",4,5,14,0.357142857142857,85,443,52,3,11,85,443,52,30,31,0,68,15,0.220588235294118,0.0502828858945222
"Rhodobacter",1,0,14,0,85,443,52,3,11,85,443,52,30,31,0,68,15,0.220588235294118,0.0502828858945222
"Rhodopseudomonas",5,0,12,0,17,287,15,0,12,17,287,15,4,4,0,27,6,0.222222222222222,0.0800091444247884
"Rhodopseudomonas",3,3,12,0.25,17,287,15,0,12,17,287,15,4,4,0,27,6,0.222222222222222,0.0800091444247884
"Rhodopseudomonas",4,6,12,0.5,17,287,15,0,12,17,287,15,4,4,0,27,6,0.222222222222222,0.0800091444247884
"Rhodopseudomonas",0,0,12,0,17,287,15,0,12,17,287,15,4,4,48,27,6,0.222222222222222,0.0800091444247884
"Rhodopseudomonas",1,1,12,0.0833333333333333,17,287,15,0,12,17,287,15,4,4,0,27,6,0.222222222222222,0.0800091444247884
"Rhodopseudomonas",2,2,12,0.166666666666667,17,287,15,0,12,17,287,15,4,4,21,27,6,0.222222222222222,0.0800091444247884
"Roseovarius",2,1,3,0.333333333333333,14,159,3,0,3,14,159,3,2,2,33,46,3,0.0652173913043478,0.0364047545795288
"Roseovarius",3,1,3,0.333333333333333,14,159,3,0,3,14,159,3,2,2,0,46,3,0.0652173913043478,0.0364047545795288
"Roseovarius",0,0,3,0,14,159,3,0,3,14,159,3,2,2,0,46,3,0.0652173913043478,0.0364047545795288
"Roseovarius",1,0,3,0,14,159,3,0,3,14,159,3,2,2,1,46,3,0.0652173913043478,0.0364047545795288
"Roseovarius",4,1,3,0.333333333333333,14,159,3,0,3,14,159,3,2,2,0,46,3,0.0652173913043478,0.0364047545795288
"Roseovarius",5,0,3,0,14,159,3,0,3,14,159,3,2,2,0,46,3,0.0652173913043478,0.0364047545795288
"Ruminococcus",0,38,58,0.655172413793103,39,366,69,38,20,39,366,69,7,7,1,238,23,0.0966386554621849,0.0191521578454536
"Ruminococcus",1,6,58,0.103448275862069,39,366,69,38,20,39,366,69,7,7,0,238,23,0.0966386554621849,0.0191521578454536
"Ruminococcus",4,3,58,0.0517241379310345,39,366,69,38,20,39,366,69,7,7,1,238,23,0.0966386554621849,0.0191521578454536
"Ruminococcus",5,5,58,0.0862068965517241,39,366,69,38,20,39,366,69,7,7,0,238,23,0.0966386554621849,0.0191521578454536
"Ruminococcus",2,2,58,0.0344827586206897,39,366,69,38,20,39,366,69,7,7,12,238,23,0.0966386554621849,0.0191521578454536
"Ruminococcus",3,4,58,0.0689655172413793,39,366,69,38,20,39,366,69,7,7,0,238,23,0.0966386554621849,0.0191521578454536
"Salmonella",0,4013,10783,0.37215988129463,1782,7287,12201,4013,6770,1782,7287,12201,1036,1167,0,110055,607,0.00551542410612875,0.000223245952249216
"Salmonella",1,2486,10783,0.23054808494853,1782,7287,12201,4013,6770,1782,7287,12201,1036,1167,0,110055,607,0.00551542410612875,0.000223245952249216
"Salmonella",4,1177,10783,0.109153296856162,1782,7287,12201,4013,6770,1782,7287,12201,1036,1167,0,110055,607,0.00551542410612875,0.000223245952249216
"Salmonella",5,1023,10783,0.0948715570805898,1782,7287,12201,4013,6770,1782,7287,12201,1036,1167,0,110055,607,0.00551542410612875,0.000223245952249216
"Salmonella",2,944,10783,0.087545210052861,1782,7287,12201,4013,6770,1782,7287,12201,1036,1167,0,110055,607,0.00551542410612875,0.000223245952249216
"Salmonella",3,1140,10783,0.105721969767226,1782,7287,12201,4013,6770,1782,7287,12201,1036,1167,8,110055,607,0.00551542410612875,0.000223245952249216
"Selenomonas",1,8,50,0.16,32,866,83,6,44,32,866,83,14,14,0,41,11,0.268292682926829,0.0691960310462598
"Selenomonas",2,5,50,0.1,32,866,83,6,44,32,866,83,14,14,0,41,11,0.268292682926829,0.0691960310462598
"Selenomonas",3,10,50,0.2,32,866,83,6,44,32,866,83,14,14,0,41,11,0.268292682926829,0.0691960310462598
"Selenomonas",0,6,50,0.12,32,866,83,6,44,32,866,83,14,14,0,41,11,0.268292682926829,0.0691960310462598
"Selenomonas",5,11,50,0.22,32,866,83,6,44,32,866,83,14,14,0,41,11,0.268292682926829,0.0691960310462598
"Selenomonas",4,10,50,0.2,32,866,83,6,44,32,866,83,14,14,1,41,11,0.268292682926829,0.0691960310462598
"Serratia",1,40,236,0.169491525423729,94,1451,291,43,193,94,1451,291,42,42,3,655,26,0.0396946564885496,0.00762869139627175
"Serratia",2,27,236,0.114406779661017,94,1451,291,43,193,94,1451,291,42,42,0,655,26,0.0396946564885496,0.00762869139627175
"Serratia",0,43,236,0.182203389830508,94,1451,291,43,193,94,1451,291,42,42,0,655,26,0.0396946564885496,0.00762869139627175
"Serratia",5,51,236,0.216101694915254,94,1451,291,43,193,94,1451,291,42,42,7,655,26,0.0396946564885496,0.00762869139627175
"Serratia",3,19,236,0.0805084745762712,94,1451,291,43,193,94,1451,291,42,42,0,655,26,0.0396946564885496,0.00762869139627175
"Serratia",4,56,236,0.23728813559322,94,1451,291,43,193,94,1451,291,42,42,0,655,26,0.0396946564885496,0.00762869139627175
"Shewanella",0,37,228,0.162280701754386,64,726,272,37,191,64,726,272,27,27,1,149,28,0.187919463087248,0.0320031183967401
"Shewanella",2,45,228,0.197368421052632,64,726,272,37,191,64,726,272,27,27,0,149,28,0.187919463087248,0.0320031183967401
"Shewanella",3,36,228,0.157894736842105,64,726,272,37,191,64,726,272,27,27,0,149,28,0.187919463087248,0.0320031183967401
"Shewanella",4,39,228,0.171052631578947,64,726,272,37,191,64,726,272,27,27,0,149,28,0.187919463087248,0.0320031183967401
"Shewanella",1,34,228,0.149122807017544,64,726,272,37,191,64,726,272,27,27,0,149,28,0.187919463087248,0.0320031183967401
"Shewanella",5,37,228,0.162280701754386,64,726,272,37,191,64,726,272,27,27,0,149,28,0.187919463087248,0.0320031183967401
"Shigella",1,1,77,0.012987012987013,904,430,155,2,75,904,430,155,106,106,0,2547,74,0.0290537887711033,0.0033280090652074
"Shigella",2,5,77,0.0649350649350649,904,430,155,2,75,904,430,155,106,106,0,2547,74,0.0290537887711033,0.0033280090652074
"Shigella",3,11,77,0.142857142857143,904,430,155,2,75,904,430,155,106,106,0,2547,74,0.0290537887711033,0.0033280090652074
"Shigella",5,49,77,0.636363636363636,904,430,155,2,75,904,430,155,106,106,1,2547,74,0.0290537887711033,0.0033280090652074
"Shigella",4,9,77,0.116883116883117,904,430,155,2,75,904,430,155,106,106,1,2547,74,0.0290537887711033,0.0033280090652074
"Shigella",0,2,77,0.025974025974026,904,430,155,2,75,904,430,155,106,106,21,2547,74,0.0290537887711033,0.0033280090652074
"Sphingomonas",0,1,5,0.2,28,350,6,1,4,28,350,6,2,2,0,332,5,0.0150602409638554,0.00668423565886715
"Sphingomonas",1,1,5,0.2,28,350,6,1,4,28,350,6,2,2,55,332,5,0.0150602409638554,0.00668423565886715
"Sphingomonas",2,0,5,0,28,350,6,1,4,28,350,6,2,2,0,332,5,0.0150602409638554,0.00668423565886715
"Sphingomonas",3,2,5,0.4,28,350,6,1,4,28,350,6,2,2,0,332,5,0.0150602409638554,0.00668423565886715
"Sphingomonas",4,1,5,0.2,28,350,6,1,4,28,350,6,2,2,0,332,5,0.0150602409638554,0.00668423565886715
"Sphingomonas",5,0,5,0,28,350,6,1,4,28,350,6,2,2,1,332,5,0.0150602409638554,0.00668423565886715
"Staphylococcus",2,239,1704,0.140258215962441,942,636,2310,167,1537,942,636,2310,487,488,10,12243,400,0.0326717307849383,0.00160667888443563
"Staphylococcus",3,517,1704,0.303403755868545,942,636,2310,167,1537,942,636,2310,487,488,0,12243,400,0.0326717307849383,0.00160667888443563
"Staphylococcus",4,358,1704,0.210093896713615,942,636,2310,167,1537,942,636,2310,487,488,0,12243,400,0.0326717307849383,0.00160667888443563
"Staphylococcus",5,342,1704,0.200704225352113,942,636,2310,167,1537,942,636,2310,487,488,0,12243,400,0.0326717307849383,0.00160667888443563
"Staphylococcus",0,167,1704,0.0980046948356808,942,636,2310,167,1537,942,636,2310,487,488,1,12243,400,0.0326717307849383,0.00160667888443563
"Staphylococcus",1,81,1704,0.0475352112676056,942,636,2310,167,1537,942,636,2310,487,488,1,12243,400,0.0326717307849383,0.00160667888443563
"Stenotrophomonas",2,1,2,0.5,32,104,2,0,2,32,104,2,2,2,2,450,14,0.0311111111111111,0.00818443100262704
"Stenotrophomonas",3,0,2,0,32,104,2,0,2,32,104,2,2,2,0,450,14,0.0311111111111111,0.00818443100262704
"Stenotrophomonas",0,0,2,0,32,104,2,0,2,32,104,2,2,2,71,450,14,0.0311111111111111,0.00818443100262704
"Stenotrophomonas",1,0,2,0,32,104,2,0,2,32,104,2,2,2,0,450,14,0.0311111111111111,0.00818443100262704
"Stenotrophomonas",5,1,2,0.5,32,104,2,0,2,32,104,2,2,2,0,450,14,0.0311111111111111,0.00818443100262704
"Stenotrophomonas",4,0,2,0,32,104,2,0,2,32,104,2,2,2,8,450,14,0.0311111111111111,0.00818443100262704
"Streptococcus",5,3501,22640,0.154637809187279,1329,9467,28228,4219,18421,1329,9467,28228,890,897,0,15956,670,0.0419904738029581,0.00158780910324748
"Streptococcus",1,3272,22640,0.14452296819788,1329,9467,28228,4219,18421,1329,9467,28228,890,897,0,15956,670,0.0419904738029581,0.00158780910324748
"Streptococcus",4,3940,22640,0.174028268551237,1329,9467,28228,4219,18421,1329,9467,28228,890,897,0,15956,670,0.0419904738029581,0.00158780910324748
"Streptococcus",0,4219,22640,0.186351590106007,1329,9467,28228,4219,18421,1329,9467,28228,890,897,0,15956,670,0.0419904738029581,0.00158780910324748
"Streptococcus",2,3662,22640,0.161749116607774,1329,9467,28228,4219,18421,1329,9467,28228,890,897,0,15956,670,0.0419904738029581,0.00158780910324748
"Streptococcus",3,4046,22640,0.178710247349823,1329,9467,28228,4219,18421,1329,9467,28228,890,897,82,15956,670,0.0419904738029581,0.00158780910324748
"Streptomyces",0,18,384,0.046875,136,12757,501,18,366,136,12757,501,69,69,5,1494,58,0.0388219544846051,0.00499764404565744
"Streptomyces",3,93,384,0.2421875,136,12757,501,18,366,136,12757,501,69,69,0,1494,58,0.0388219544846051,0.00499764404565744
"Streptomyces",4,122,384,0.317708333333333,136,12757,501,18,366,136,12757,501,69,69,0,1494,58,0.0388219544846051,0.00499764404565744
"Streptomyces",1,31,384,0.0807291666666667,136,12757,501,18,366,136,12757,501,69,69,0,1494,58,0.0388219544846051,0.00499764404565744
"Streptomyces",2,44,384,0.114583333333333,136,12757,501,18,366,136,12757,501,69,69,0,1494,58,0.0388219544846051,0.00499764404565744
"Streptomyces",5,76,384,0.197916666666667,136,12757,501,18,366,136,12757,501,69,69,0,1494,58,0.0388219544846051,0.00499764404565744
"Synechococcus",5,0,1,0,25,838,1,0,1,25,838,1,1,1,0,122,14,0.114754098360656,0.0288560013461542
"Synechococcus",1,0,1,0,25,838,1,0,1,25,838,1,1,1,0,122,14,0.114754098360656,0.0288560013461542
"Synechococcus",2,0,1,0,25,838,1,0,1,25,838,1,1,1,0,122,14,0.114754098360656,0.0288560013461542
"Synechococcus",0,0,1,0,25,838,1,0,1,25,838,1,1,1,2,122,14,0.114754098360656,0.0288560013461542
"Synechococcus",3,0,1,0,25,838,1,0,1,25,838,1,1,1,1,122,14,0.114754098360656,0.0288560013461542
"Synechococcus",4,1,1,1,25,838,1,0,1,25,838,1,1,1,0,122,14,0.114754098360656,0.0288560013461542
"Thermoanaerobacter",0,6,9,0.666666666666667,29,4006,192,6,3,29,4006,192,3,3,0,23,10,0.434782608695652,0.103366526385575
"Thermoanaerobacter",1,1,9,0.111111111111111,29,4006,192,6,3,29,4006,192,3,3,0,23,10,0.434782608695652,0.103366526385575
"Thermoanaerobacter",4,0,9,0,29,4006,192,6,3,29,4006,192,3,3,1,23,10,0.434782608695652,0.103366526385575
"Thermoanaerobacter",5,1,9,0.111111111111111,29,4006,192,6,3,29,4006,192,3,3,0,23,10,0.434782608695652,0.103366526385575
"Thermoanaerobacter",2,0,9,0,29,4006,192,6,3,29,4006,192,3,3,0,23,10,0.434782608695652,0.103366526385575
"Thermoanaerobacter",3,1,9,0.111111111111111,29,4006,192,6,3,29,4006,192,3,3,0,23,10,0.434782608695652,0.103366526385575
"Vibrio",0,1308,3268,0.400244798041616,408,3813,3586,1308,1960,408,3813,3586,172,175,0,3635,212,0.0583218707015131,0.00388700193868729
"Vibrio",1,749,3268,0.229192166462668,408,3813,3586,1308,1960,408,3813,3586,172,175,26,3635,212,0.0583218707015131,0.00388700193868729
"Vibrio",2,411,3268,0.125764993880049,408,3813,3586,1308,1960,408,3813,3586,172,175,0,3635,212,0.0583218707015131,0.00388700193868729
"Vibrio",3,297,3268,0.0908812729498164,408,3813,3586,1308,1960,408,3813,3586,172,175,0,3635,212,0.0583218707015131,0.00388700193868729
"Vibrio",4,292,3268,0.0893512851897185,408,3813,3586,1308,1960,408,3813,3586,172,175,0,3635,212,0.0583218707015131,0.00388700193868729
"Vibrio",5,211,3268,0.0645654834761322,408,3813,3586,1308,1960,408,3813,3586,172,175,0,3635,212,0.0583218707015131,0.00388700193868729
"Xanthomonas",0,133,1145,0.116157205240175,189,3261,2062,133,1012,189,3261,2062,102,102,0,1345,67,0.049814126394052,0.00593224940916407
"Xanthomonas",1,141,1145,0.123144104803493,189,3261,2062,133,1012,189,3261,2062,102,102,0,1345,67,0.049814126394052,0.00593224940916407
"Xanthomonas",2,181,1145,0.158078602620087,189,3261,2062,133,1012,189,3261,2062,102,102,34,1345,67,0.049814126394052,0.00593224940916407
"Xanthomonas",3,212,1145,0.185152838427948,189,3261,2062,133,1012,189,3261,2062,102,102,0,1345,67,0.049814126394052,0.00593224940916407
"Xanthomonas",4,226,1145,0.197379912663755,189,3261,2062,133,1012,189,3261,2062,102,102,0,1345,67,0.049814126394052,0.00593224940916407
"Xanthomonas",5,252,1145,0.220087336244541,189,3261,2062,133,1012,189,3261,2062,102,102,0,1345,67,0.049814126394052,0.00593224940916407
"Xenorhabdus",0,14,121,0.115702479338843,46,900,190,14,107,46,900,190,19,21,0,47,2,0.0425531914893617,0.029442485362624
"Xenorhabdus",1,13,121,0.107438016528926,46,900,190,14,107,46,900,190,19,21,0,47,2,0.0425531914893617,0.029442485362624
"Xenorhabdus",2,20,121,0.165289256198347,46,900,190,14,107,46,900,190,19,21,48,47,2,0.0425531914893617,0.029442485362624
"Xenorhabdus",3,20,121,0.165289256198347,46,900,190,14,107,46,900,190,19,21,0,47,2,0.0425531914893617,0.029442485362624
"Xenorhabdus",4,28,121,0.231404958677686,46,900,190,14,107,46,900,190,19,21,21,47,2,0.0425531914893617,0.029442485362624
"Xenorhabdus",5,26,121,0.214876033057851,46,900,190,14,107,46,900,190,19,21,33,47,2,0.0425531914893617,0.029442485362624
"Yersinia",0,823,1902,0.432702418506835,361,1775,2052,823,1079,361,1775,2052,108,108,0,820,92,0.11219512195122,0.0110214522836575
"Yersinia",1,315,1902,0.165615141955836,361,1775,2052,823,1079,361,1775,2052,108,108,0,820,92,0.11219512195122,0.0110214522836575
"Yersinia",2,230,1902,0.120925341745531,361,1775,2052,823,1079,361,1775,2052,108,108,1,820,92,0.11219512195122,0.0110214522836575
"Yersinia",3,130,1902,0.0683491062039958,361,1775,2052,823,1079,361,1775,2052,108,108,0,820,92,0.11219512195122,0.0110214522836575
"Yersinia",4,134,1902,0.0704521556256572,361,1775,2052,823,1079,361,1775,2052,108,108,0,820,92,0.11219512195122,0.0110214522836575
"Yersinia",5,270,1902,0.141955835962145,361,1775,2052,823,1079,361,1775,2052,108,108,1,820,92,0.11219512195122,0.0110214522836575
